qtd_ponto_url,qtd_hifen_url,qtd_underline_url,qtd_barra_url,qtd_interrogacao_url,qtd_igual_url,qtd_arroba_url,qtd_comercial_url,qtd_exclamacao_url,qtd_til_url,qtd_virgula_url,qtd_mais_url,qtd_asterisco_url,qtd_hashtag_url,qtd_cifrao_url,qtd_porcento_url,qtd_tld_url,comprimento_url,qtd_ponto_dominio,qtd_hifen_dominio,qtd_underline_dominio,qtd_arroba_dominio,qtd_vogais_dominio,comprimento_dominio,formato_ip_dominio,server_client_dominio,qtd_ponto_diretorio,qtd_hifen_diretorio,qtd_underline_diretorio,qtd_barra_diretorio,qtd_igual_diretorio,qtd_arroba_diretorio,qtd_comercial_diretorio,qtd_exclamacao_diretorio,qtd_til_diretorio,qtd_virgula_diretorio,qtd_mais_diretorio,qtd_asterisco_diretorio,qtd_cifrao_diretorio,qtd_porcento_diretorio,comprimento_diretorio,qtd_ponto_arquivo,qtd_hifen_arquivo,qtd_underline_arquivo,qtd_igual_arquivo,qtd_arroba_arquivo,qtd_comercial_arquivo,qtd_exclamacao_arquivo,qtd_til_arquivo,qtd_virgula_arquivo,qtd_mais_arquivo,qtd_asterisco_arquivo,qtd_hashtag_arquivo,qtd_cifrao_arquivo,qtd_porcento_arquivo,comprimento_arquivo,qtd_ponto_parametros,qtd_hifen_parametros,qtd_underline_parametros,qtd_barra_parametros,qtd_interrogacao_parametros,qtd_igual_parametros,qtd_arroba_parametros,qtd_comercial_parametros,qtd_exclamacao_parametros,qtd_til_parametros,qtd_virgula_parametros,qtd_mais_parametros,qtd_asterisco_parametros,qtd_hashtag_parametros,qtd_cifrao_parametros,qtd_porcento_parametros,comprimento_parametros,presenca_tld_argumentos,qtd_parametros,email_na_url,extensao_arquivo,dominio_presente_em_rbl,tempo_resposta,possui_spf,localizacao_geografica_ip,tempo_ativacao_dominio,tempo_expiracao_dominio,qtd_ip_resolvido,qtd_nameservers,qtd_servidores_mx,valor_ttl_associado,certificado_tls_ssl,qtd_redirecionamentos,url_indexada_no_google,dominio_indexado_no_google,phishing
1.0,0.0,0.0,0.0,0.0,0.0,0.0,0.0,0.0,0.0,9.0,0.0,0.0,0.0,0.0,0.0,1.0,33.0,1.0,0.0,0.0,0.0,8.0,33.0,0,0,0.0,0.0,0.0,0.0,0.0,0.0,0.0,0.0,0.0,0.0,0.0,0.0,0.0,0.0,0.0,0.0,0.0,0.0,0.0,0.0,0.0,0.0,0.0,0.0,0.0,0.0,0.0,0.0,0.0,0.0,0.0,0.0,0.0,0.0,0.0,0.0,0.0,0.0,0.0,0.0,0.0,0.0,0.0,0.0,0.0,0.0,0.0,0.0,0.0,0,20.0,0,0,0,79.0,0,0,0,6.0,0.0,0,0,0,0.0,0.0,True
2.0,0.0,0.0,4.0,0.0,0.0,0.0,0.0,0.0,0.0,9.0,0.0,0.0,0.0,0.0,0.0,1.0,57.0,1.0,0.0,0.0,0.0,6.0,16.0,0,0,1.0,0.0,0.0,4.0,0.0,0.0,0.0,0.0,0.0,9.0,0.0,0.0,0.0,0.0,41.0,1.0,0.0,0.0,0.0,0.0,0.0,0.0,0.0,9.0,0.0,0.0,0.0,0.0,0.0,18.0,0.0,0.0,0.0,0.0,0.0,0.0,0.0,0.0,0.0,0.0,0.0,0.0,0.0,0.0,0.0,0.0,0.0,0.0,0.0,0,12.0,1,4.07665,0,9.0,0,0,1.0,2.0,1.0,2417.0,0,0.0,0.0,0.0,True
1.0,0.0,0.0,1.0,0.0,0.0,0.0,0.0,0.0,0.0,9.0,0.0,0.0,0.0,0.0,0.0,1.0,20.0,1.0,0.0,0.0,0.0,4.0,10.0,0,0,0.0,0.0,0.0,1.0,0.0,0.0,0.0,0.0,0.0,9.0,0.0,0.0,0.0,0.0,10.0,0.0,0.0,0.0,0.0,0.0,0.0,0.0,0.0,9.0,0.0,0.0,0.0,0.0,0.0,9.0,0.0,0.0,0.0,0.0,0.0,0.0,0.0,0.0,0.0,0.0,0.0,0.0,0.0,0.0,0.0,0.0,0.0,0.0,0.0,0,20.0,0,0.069078,0,79.0,0,0,0,6.0,0.0,0,0,0.0,0.0,0.0,True
2.0,0.0,0.0,1.0,0.0,0.0,0.0,0.0,0.0,0.0,9.0,0.0,0.0,0.0,0.0,0.0,1.0,34.0,1.0,0.0,0.0,0.0,5.0,15.0,0,0,1.0,0.0,0.0,1.0,0.0,0.0,0.0,0.0,0.0,9.0,0.0,0.0,0.0,0.0,19.0,1.0,0.0,0.0,0.0,0.0,0.0,0.0,0.0,9.0,0.0,0.0,0.0,0.0,0.0,18.0,0.0,0.0,0.0,0.0,0.0,0.0,0.0,0.0,0.0,0.0,0.0,0.0,0.0,0.0,0.0,0.0,0.0,0.0,0.0,0,12.0,0,0.081469,0,79.0,0,0,0,6.0,0.0,0,0,0.0,0.0,0.0,True
1.0,0.0,0.0,1.0,0.0,0.0,0.0,0.0,0.0,0.0,9.0,0.0,0.0,0.0,0.0,0.0,1.0,28.0,1.0,0.0,0.0,0.0,5.0,18.0,0,0,0.0,0.0,0.0,1.0,0.0,0.0,0.0,0.0,0.0,9.0,0.0,0.0,0.0,0.0,10.0,0.0,0.0,0.0,0.0,0.0,0.0,0.0,0.0,9.0,0.0,0.0,0.0,0.0,0.0,9.0,0.0,0.0,0.0,0.0,0.0,0.0,0.0,0.0,0.0,0.0,0.0,0.0,0.0,0.0,0.0,0.0,0.0,0.0,0.0,0,20.0,1,1.402034,0,74.0,0,0,3.0,2.0,0.0,88.0,1,0.0,0.0,0.0,True
2.0,0.0,0.0,3.0,0.0,0.0,0.0,0.0,0.0,0.0,9.0,0.0,0.0,0.0,0.0,0.0,1.0,55.0,1.0,0.0,0.0,0.0,11.0,25.0,0,0,1.0,0.0,0.0,3.0,0.0,0.0,0.0,0.0,0.0,9.0,0.0,0.0,0.0,0.0,30.0,1.0,0.0,0.0,0.0,0.0,0.0,0.0,0.0,9.0,0.0,0.0,0.0,0.0,0.0,17.0,0.0,0.0,0.0,0.0,0.0,0.0,0.0,0.0,0.0,0.0,0.0,0.0,0.0,0.0,0.0,0.0,0.0,0.0,0.0,0,12.0,1,2.0578,0,74.0,0,0,1.0,2.0,1.0,85529.0,0,1.0,0.0,0.0,True
2.0,0.0,0.0,1.0,0.0,0.0,0.0,0.0,0.0,0.0,9.0,0.0,0.0,0.0,0.0,0.0,1.0,30.0,2.0,0.0,0.0,0.0,7.0,20.0,0,0,0.0,0.0,0.0,1.0,0.0,0.0,0.0,0.0,0.0,9.0,0.0,0.0,0.0,0.0,10.0,0.0,0.0,0.0,0.0,0.0,0.0,0.0,0.0,9.0,0.0,0.0,0.0,0.0,0.0,9.0,0.0,0.0,0.0,0.0,0.0,0.0,0.0,0.0,0.0,0.0,0.0,0.0,0.0,0.0,0.0,0.0,0.0,0.0,0.0,0,20.0,1,150.150252,0,74.0,0,0,1.0,4.0,1.0,13381.0,0,0,0.0,0.0,True
2.0,0.0,0.0,1.0,0.0,0.0,0.0,0.0,0.0,0.0,9.0,0.0,0.0,0.0,0.0,0.0,1.0,30.0,2.0,0.0,0.0,0.0,7.0,17.0,0,0,0.0,0.0,0.0,1.0,0.0,0.0,0.0,0.0,0.0,9.0,0.0,0.0,0.0,0.0,13.0,0.0,0.0,0.0,0.0,0.0,0.0,0.0,0.0,9.0,0.0,0.0,0.0,0.0,0.0,12.0,0.0,0.0,0.0,0.0,0.0,0.0,0.0,0.0,0.0,0.0,0.0,0.0,0.0,0.0,0.0,0.0,0.0,0.0,0.0,0,20.0,1,0.571195,0,74.0,0,0,1.0,2.0,3.0,3223.0,1,0.0,0.0,0.0,True
3.0,0.0,0.0,2.0,0.0,0.0,0.0,0.0,0.0,0.0,9.0,0.0,0.0,0.0,0.0,0.0,1.0,53.0,2.0,0.0,0.0,0.0,4.0,23.0,0,0,1.0,0.0,0.0,2.0,0.0,0.0,0.0,0.0,0.0,9.0,0.0,0.0,0.0,0.0,30.0,1.0,0.0,0.0,0.0,0.0,0.0,0.0,0.0,9.0,0.0,0.0,0.0,0.0,0.0,18.0,0.0,0.0,0.0,0.0,0.0,0.0,0.0,0.0,0.0,0.0,0.0,0.0,0.0,0.0,0.0,0.0,0.0,0.0,0.0,0,12.0,1,20.957344,0,74.0,0,0,1.0,2.0,1.0,0.0,1,0.0,0.0,0.0,True
2.0,0.0,0.0,4.0,0.0,0.0,0.0,0.0,0.0,0.0,9.0,0.0,0.0,0.0,0.0,0.0,1.0,72.0,1.0,0.0,0.0,0.0,9.0,24.0,0,0,1.0,0.0,0.0,4.0,0.0,0.0,0.0,0.0,0.0,9.0,0.0,0.0,0.0,0.0,48.0,1.0,0.0,0.0,0.0,0.0,0.0,0.0,0.0,9.0,0.0,0.0,0.0,0.0,0.0,23.0,0.0,0.0,0.0,0.0,0.0,0.0,0.0,0.0,0.0,0.0,0.0,0.0,0.0,0.0,0.0,0.0,0.0,0.0,0.0,0,9.0,1,0.623335,0,9.0,0,0,1.0,2.0,1.0,12239.0,0,0.0,0.0,0.0,True
2.0,0.0,0.0,5.0,0.0,0.0,0.0,0.0,0.0,0.0,9.0,0.0,0.0,0.0,0.0,0.0,1.0,56.0,2.0,0.0,0.0,0.0,8.0,20.0,0,0,0.0,0.0,0.0,5.0,0.0,0.0,0.0,0.0,0.0,9.0,0.0,0.0,0.0,0.0,36.0,0.0,0.0,0.0,0.0,0.0,0.0,0.0,0.0,9.0,0.0,0.0,0.0,0.0,0.0,9.0,0.0,0.0,0.0,0.0,0.0,0.0,0.0,0.0,0.0,0.0,0.0,0.0,0.0,0.0,0.0,0.0,0.0,0.0,0.0,0,20.0,0,4.135635,0,79.0,0,0,0,0.0,0.0,0,0,0.0,0.0,0.0,True
2.0,0.0,0.0,2.0,0.0,0.0,0.0,0.0,0.0,0.0,9.0,0.0,0.0,0.0,0.0,0.0,1.0,51.0,1.0,0.0,0.0,0.0,7.0,22.0,0,0,1.0,0.0,0.0,2.0,0.0,0.0,0.0,0.0,0.0,9.0,0.0,0.0,0.0,0.0,29.0,1.0,0.0,0.0,0.0,0.0,0.0,0.0,0.0,9.0,0.0,0.0,0.0,0.0,0.0,18.0,0.0,0.0,0.0,0.0,0.0,0.0,0.0,0.0,0.0,0.0,0.0,0.0,0.0,0.0,0.0,0.0,0.0,0.0,0.0,0,12.0,1,3.038939,0,74.0,0,0,1.0,2.0,0.0,585.0,1,0.0,0.0,0.0,True
2.0,1.0,0.0,4.0,0.0,0.0,0.0,0.0,0.0,0.0,9.0,0.0,0.0,0.0,0.0,0.0,1.0,62.0,1.0,1.0,0.0,0.0,8.0,22.0,0,0,1.0,0.0,0.0,4.0,0.0,0.0,0.0,0.0,0.0,9.0,0.0,0.0,0.0,0.0,40.0,1.0,0.0,0.0,0.0,0.0,0.0,0.0,0.0,9.0,0.0,0.0,0.0,0.0,0.0,18.0,0.0,0.0,0.0,0.0,0.0,0.0,0.0,0.0,0.0,0.0,0.0,0.0,0.0,0.0,0.0,0.0,0.0,0.0,0.0,0,8.0,0,0.343417,0,79.0,0,0,0,6.0,0.0,0,0,0.0,0.0,0.0,True
2.0,0.0,0.0,3.0,0.0,0.0,0.0,0.0,0.0,0.0,9.0,0.0,0.0,0.0,0.0,0.0,1.0,72.0,2.0,0.0,0.0,0.0,9.0,22.0,0,0,0.0,0.0,0.0,3.0,0.0,0.0,0.0,0.0,0.0,9.0,0.0,0.0,0.0,0.0,50.0,0.0,0.0,0.0,0.0,0.0,0.0,0.0,0.0,9.0,0.0,0.0,0.0,0.0,0.0,9.0,0.0,0.0,0.0,0.0,0.0,0.0,0.0,0.0,0.0,0.0,0.0,0.0,0.0,0.0,0.0,0.0,0.0,0.0,0.0,0,20.0,1,3.717605,0,74.0,0,0,1.0,3.0,1.0,13315.0,1,2.0,0.0,0.0,True
1.0,1.0,0.0,4.0,0.0,0.0,0.0,0.0,0.0,0.0,9.0,0.0,0.0,0.0,0.0,0.0,1.0,56.0,1.0,0.0,0.0,0.0,6.0,22.0,0,0,0.0,1.0,0.0,4.0,0.0,0.0,0.0,0.0,0.0,9.0,0.0,0.0,0.0,0.0,34.0,0.0,0.0,0.0,0.0,0.0,0.0,0.0,0.0,9.0,0.0,0.0,0.0,0.0,0.0,9.0,0.0,0.0,0.0,0.0,0.0,0.0,0.0,0.0,0.0,0.0,0.0,0.0,0.0,0.0,0.0,0.0,0.0,0.0,0.0,0,20.0,1,16.594017,0,79.0,0,0,1.0,2.0,1.0,7769.0,0,3.0,0.0,0.0,True
4.0,0.0,0.0,5.0,0.0,3.0,0.0,5.0,0.0,0.0,9.0,0.0,0.0,0.0,0.0,0.0,1.0,139.0,2.0,0.0,0.0,0.0,3.0,12.0,0,0,1.0,0.0,0.0,5.0,0.0,0.0,0.0,0.0,0.0,0.0,0.0,0.0,0.0,0.0,34.0,1.0,0.0,0.0,0.0,0.0,0.0,0.0,0.0,0.0,0.0,0.0,0.0,0.0,0.0,14.0,1.0,0.0,0.0,0.0,0.0,3.0,0.0,5.0,0.0,0.0,9.0,0.0,0.0,0.0,0.0,0.0,93.0,0,3.0,0,12.0,1,3.318795,0,74.0,0,0,1.0,2.0,2.0,3595.0,0,0.0,0.0,0.0,True
3.0,1.0,1.0,2.0,0.0,3.0,0.0,2.0,0.0,0.0,9.0,0.0,0.0,0.0,0.0,0.0,1.0,211.0,2.0,0.0,0.0,0.0,6.0,19.0,0,0,1.0,1.0,0.0,2.0,0.0,0.0,0.0,0.0,0.0,0.0,0.0,0.0,0.0,0.0,18.0,1.0,0.0,0.0,0.0,0.0,0.0,0.0,0.0,0.0,0.0,0.0,0.0,0.0,0.0,9.0,0.0,0.0,1.0,0.0,0.0,3.0,0.0,2.0,0.0,0.0,9.0,0.0,0.0,0.0,0.0,0.0,174.0,0,3.0,0,12.0,1,0,1,74.0,0,0,1.0,2.0,1.0,588.0,0,0,0.0,0.0,True
3.0,0.0,0.0,3.0,0.0,0.0,0.0,0.0,0.0,0.0,9.0,0.0,0.0,0.0,0.0,0.0,1.0,56.0,1.0,0.0,0.0,0.0,7.0,18.0,0,0,2.0,0.0,0.0,3.0,0.0,0.0,0.0,0.0,0.0,9.0,0.0,0.0,0.0,0.0,38.0,2.0,0.0,0.0,0.0,0.0,0.0,0.0,0.0,9.0,0.0,0.0,0.0,0.0,0.0,22.0,0.0,0.0,0.0,0.0,0.0,0.0,0.0,0.0,0.0,0.0,0.0,0.0,0.0,0.0,0.0,0.0,0.0,0.0,0.0,0,12.0,1,2.628894,0,70.0,0,0,1.0,2.0,1.0,581.0,1,1.0,0.0,0.0,True
3.0,2.0,0.0,3.0,0.0,0.0,0.0,0.0,0.0,0.0,9.0,0.0,0.0,0.0,0.0,0.0,1.0,69.0,2.0,0.0,0.0,0.0,10.0,27.0,0,0,1.0,2.0,0.0,3.0,0.0,0.0,0.0,0.0,0.0,9.0,0.0,0.0,0.0,0.0,42.0,1.0,0.0,0.0,0.0,0.0,0.0,0.0,0.0,9.0,0.0,0.0,0.0,0.0,0.0,17.0,0.0,0.0,0.0,0.0,0.0,0.0,0.0,0.0,0.0,0.0,0.0,0.0,0.0,0.0,0.0,0.0,0.0,0.0,0.0,0,12.0,1,0.655393,0,74.0,0,0,1.0,2.0,2.0,591.0,0,0.0,0.0,0.0,True
7.0,1.0,0.0,5.0,0.0,1.0,1.0,0.0,0.0,0.0,9.0,0.0,0.0,0.0,0.0,0.0,3.0,108.0,1.0,1.0,0.0,0.0,3.0,11.0,0,0,5.0,0.0,0.0,5.0,0.0,0.0,0.0,0.0,0.0,0.0,0.0,0.0,0.0,0.0,63.0,3.0,0.0,0.0,0.0,0.0,0.0,0.0,0.0,0.0,0.0,0.0,0.0,0.0,0.0,21.0,1.0,0.0,0.0,0.0,0.0,1.0,1.0,0.0,0.0,0.0,9.0,0.0,0.0,0.0,0.0,0.0,34.0,1,1.0,1,12.0,1,0.772937,0,64.0,0,0,4.0,3.0,1.0,860.0,0,0.0,0.0,0.0,True
2.0,0.0,0.0,1.0,0.0,0.0,0.0,0.0,0.0,0.0,9.0,0.0,0.0,0.0,0.0,0.0,1.0,28.0,1.0,0.0,0.0,0.0,4.0,11.0,0,0,1.0,0.0,0.0,1.0,0.0,0.0,0.0,0.0,0.0,9.0,0.0,0.0,0.0,0.0,17.0,1.0,0.0,0.0,0.0,0.0,0.0,0.0,0.0,9.0,0.0,0.0,0.0,0.0,0.0,16.0,0.0,0.0,0.0,0.0,0.0,0.0,0.0,0.0,0.0,0.0,0.0,0.0,0.0,0.0,0.0,0.0,0.0,0.0,0.0,0,12.0,1,0.103424,0,74.0,0,0,1.0,3.0,1.0,293.0,0,0.0,0.0,0.0,True
2.0,0.0,1.0,3.0,0.0,3.0,0.0,2.0,0.0,0.0,9.0,0.0,0.0,0.0,0.0,0.0,1.0,219.0,1.0,0.0,0.0,0.0,5.0,19.0,0,0,1.0,0.0,0.0,3.0,0.0,0.0,0.0,0.0,0.0,0.0,0.0,0.0,0.0,0.0,26.0,1.0,0.0,0.0,0.0,0.0,0.0,0.0,0.0,0.0,0.0,0.0,0.0,0.0,0.0,9.0,0.0,0.0,1.0,0.0,0.0,3.0,0.0,2.0,0.0,0.0,9.0,0.0,0.0,0.0,0.0,0.0,174.0,0,3.0,0,12.0,1,0.939044,1,74.0,0,0,4.0,2.0,5.0,3588.0,0,0.0,0.0,0.0,True
1.0,2.0,0.0,0.0,0.0,0.0,0.0,0.0,0.0,0.0,9.0,0.0,0.0,0.0,0.0,0.0,1.0,18.0,1.0,2.0,0.0,0.0,2.0,18.0,0,0,0.0,0.0,0.0,0.0,0.0,0.0,0.0,0.0,0.0,0.0,0.0,0.0,0.0,0.0,0.0,0.0,0.0,0.0,0.0,0.0,0.0,0.0,0.0,0.0,0.0,0.0,0.0,0.0,0.0,0.0,0.0,0.0,0.0,0.0,0.0,0.0,0.0,0.0,0.0,0.0,0.0,0.0,0.0,0.0,0.0,0.0,0.0,0.0,0.0,0,20.0,0,0.131094,0,79.0,0,0,0,6.0,0.0,0,0,0.0,0.0,0.0,True
1.0,1.0,0.0,5.0,0.0,0.0,0.0,0.0,0.0,0.0,9.0,0.0,0.0,0.0,0.0,0.0,1.0,86.0,1.0,0.0,0.0,0.0,6.0,14.0,0,0,0.0,1.0,0.0,5.0,0.0,0.0,0.0,0.0,0.0,9.0,0.0,0.0,0.0,0.0,72.0,0.0,0.0,0.0,0.0,0.0,0.0,0.0,0.0,9.0,0.0,0.0,0.0,0.0,0.0,9.0,0.0,0.0,0.0,0.0,0.0,0.0,0.0,0.0,0.0,0.0,0.0,0.0,0.0,0.0,0.0,0.0,0.0,0.0,0.0,0,20.0,1,0.425927,1,74.0,0,0,1.0,2.0,1.0,10786.0,0,0.0,0.0,0.0,True
1.0,0.0,0.0,6.0,0.0,0.0,0.0,0.0,0.0,0.0,9.0,0.0,0.0,0.0,0.0,0.0,1.0,51.0,1.0,0.0,0.0,0.0,4.0,12.0,0,0,0.0,0.0,0.0,6.0,0.0,0.0,0.0,0.0,0.0,9.0,0.0,0.0,0.0,0.0,39.0,0.0,0.0,0.0,0.0,0.0,0.0,0.0,0.0,9.0,0.0,0.0,0.0,0.0,0.0,9.0,0.0,0.0,0.0,0.0,0.0,0.0,0.0,0.0,0.0,0.0,0.0,0.0,0.0,0.0,0.0,0.0,0.0,0.0,0.0,0,20.0,1,0.483412,0,16.0,0,0,1.0,3.0,1.0,86391.0,0,0.0,0.0,0.0,True
2.0,2.0,1.0,7.0,0.0,3.0,0.0,2.0,0.0,0.0,9.0,0.0,0.0,0.0,0.0,0.0,1.0,301.0,1.0,0.0,0.0,0.0,5.0,14.0,0,0,1.0,2.0,0.0,7.0,0.0,0.0,0.0,0.0,0.0,0.0,0.0,0.0,0.0,0.0,113.0,1.0,0.0,0.0,0.0,0.0,0.0,0.0,0.0,0.0,0.0,0.0,0.0,0.0,0.0,11.0,0.0,0.0,1.0,0.0,0.0,3.0,0.0,2.0,0.0,0.0,9.0,0.0,0.0,0.0,0.0,0.0,174.0,0,3.0,0,12.0,1,0.288319,0,74.0,0,0,1.0,2.0,5.0,3591.0,0,1.0,0.0,0.0,True
3.0,0.0,0.0,2.0,0.0,0.0,0.0,0.0,0.0,0.0,9.0,0.0,0.0,0.0,0.0,0.0,1.0,38.0,2.0,0.0,0.0,0.0,6.0,15.0,0,0,1.0,0.0,0.0,2.0,0.0,0.0,0.0,0.0,0.0,9.0,0.0,0.0,0.0,0.0,23.0,1.0,0.0,0.0,0.0,0.0,0.0,0.0,0.0,9.0,0.0,0.0,0.0,0.0,0.0,18.0,0.0,0.0,0.0,0.0,0.0,0.0,0.0,0.0,0.0,0.0,0.0,0.0,0.0,0.0,0.0,0.0,0.0,0.0,0.0,0,9.0,1,4.40364,0,34.0,0,0,1.0,2.0,1.0,14383.0,1,0.0,0.0,0.0,True
4.0,3.0,2.0,4.0,0.0,5.0,0.0,4.0,0.0,0.0,9.0,0.0,0.0,0.0,0.0,0.0,2.0,263.0,2.0,0.0,0.0,0.0,4.0,16.0,0,0,0.0,3.0,0.0,4.0,0.0,0.0,0.0,0.0,0.0,0.0,0.0,0.0,0.0,0.0,27.0,0.0,0.0,0.0,0.0,0.0,0.0,0.0,0.0,0.0,0.0,0.0,0.0,0.0,0.0,0.0,2.0,0.0,2.0,0.0,0.0,5.0,0.0,4.0,0.0,0.0,9.0,0.0,0.0,0.0,0.0,0.0,220.0,1,5.0,0,20.0,0,0.326703,0,79.0,0,0,0,6.0,0.0,0,0,0.0,0.0,0.0,True
5.0,0.0,2.0,6.0,0.0,1.0,0.0,0.0,0.0,0.0,9.0,0.0,0.0,0.0,0.0,0.0,2.0,99.0,1.0,0.0,0.0,0.0,3.0,9.0,0,0,4.0,0.0,2.0,6.0,1.0,0.0,0.0,0.0,0.0,9.0,0.0,0.0,0.0,0.0,90.0,1.0,0.0,0.0,0.0,0.0,0.0,0.0,0.0,9.0,0.0,0.0,0.0,0.0,0.0,20.0,0.0,0.0,0.0,0.0,0.0,0.0,0.0,0.0,0.0,0.0,0.0,0.0,0.0,0.0,0.0,0.0,0.0,0.0,0.0,0,12.0,1,3.13236,0,74.0,0,0,1.0,2.0,1.0,14387.0,1,0.0,0.0,0.0,True
1.0,0.0,0.0,5.0,0.0,0.0,0.0,0.0,0.0,0.0,9.0,0.0,0.0,0.0,0.0,0.0,1.0,44.0,1.0,0.0,0.0,0.0,3.0,11.0,0,0,0.0,0.0,0.0,5.0,0.0,0.0,0.0,0.0,0.0,9.0,0.0,0.0,0.0,0.0,33.0,0.0,0.0,0.0,0.0,0.0,0.0,0.0,0.0,9.0,0.0,0.0,0.0,0.0,0.0,9.0,0.0,0.0,0.0,0.0,0.0,0.0,0.0,0.0,0.0,0.0,0.0,0.0,0.0,0.0,0.0,0.0,0.0,0.0,0.0,0,20.0,1,2.9321,1,74.0,0,0,1.0,2.0,1.0,5295.0,1,0.0,0.0,0.0,True
3.0,0.0,0.0,4.0,0.0,0.0,0.0,0.0,0.0,0.0,9.0,0.0,0.0,0.0,0.0,0.0,1.0,57.0,2.0,0.0,0.0,0.0,2.0,14.0,0,0,1.0,0.0,0.0,4.0,0.0,0.0,0.0,0.0,0.0,9.0,0.0,0.0,0.0,0.0,43.0,1.0,0.0,0.0,0.0,0.0,0.0,0.0,0.0,9.0,0.0,0.0,0.0,0.0,0.0,23.0,0.0,0.0,0.0,0.0,0.0,0.0,0.0,0.0,0.0,0.0,0.0,0.0,0.0,0.0,0.0,0.0,0.0,0.0,0.0,0,12.0,1,3.506819,0,9.0,0,0,1.0,2.0,5.0,14383.0,1,0.0,0.0,0.0,True
1.0,0.0,0.0,2.0,0.0,0.0,0.0,0.0,0.0,0.0,9.0,0.0,0.0,0.0,0.0,0.0,1.0,27.0,1.0,0.0,0.0,0.0,3.0,10.0,0,0,0.0,0.0,0.0,2.0,0.0,0.0,0.0,0.0,0.0,9.0,0.0,0.0,0.0,0.0,17.0,0.0,0.0,0.0,0.0,0.0,0.0,0.0,0.0,9.0,0.0,0.0,0.0,0.0,0.0,12.0,0.0,0.0,0.0,0.0,0.0,0.0,0.0,0.0,0.0,0.0,0.0,0.0,0.0,0.0,0.0,0.0,0.0,0.0,0.0,0,20.0,1,1.917225,0,74.0,0,0,1.0,2.0,7.0,14388.0,0,0.0,0.0,0.0,True
3.0,0.0,0.0,3.0,0.0,0.0,0.0,0.0,0.0,0.0,9.0,0.0,0.0,0.0,0.0,0.0,1.0,55.0,3.0,0.0,0.0,0.0,11.0,32.0,0,0,0.0,0.0,0.0,3.0,0.0,0.0,0.0,0.0,0.0,9.0,0.0,0.0,0.0,0.0,23.0,0.0,0.0,0.0,0.0,0.0,0.0,0.0,0.0,9.0,0.0,0.0,0.0,0.0,0.0,14.0,0.0,0.0,0.0,0.0,0.0,0.0,0.0,0.0,0.0,0.0,0.0,0.0,0.0,0.0,0.0,0.0,0.0,0.0,0.0,0,20.0,0,0.82218,0,79.0,0,0,0,6.0,0.0,0,0,0.0,0.0,0.0,True
3.0,0.0,0.0,1.0,0.0,0.0,0.0,0.0,0.0,0.0,9.0,0.0,0.0,0.0,0.0,0.0,1.0,32.0,2.0,0.0,0.0,0.0,2.0,13.0,0,0,1.0,0.0,0.0,1.0,0.0,0.0,0.0,0.0,0.0,9.0,0.0,0.0,0.0,0.0,19.0,1.0,0.0,0.0,0.0,0.0,0.0,0.0,0.0,9.0,0.0,0.0,0.0,0.0,0.0,18.0,0.0,0.0,0.0,0.0,0.0,0.0,0.0,0.0,0.0,0.0,0.0,0.0,0.0,0.0,0.0,0.0,0.0,0.0,0.0,0,12.0,1,2.237216,0,74.0,0,0,1.0,3.0,1.0,14263.0,0,0.0,0.0,0.0,True
1.0,1.0,0.0,1.0,0.0,0.0,0.0,0.0,0.0,0.0,9.0,0.0,0.0,0.0,0.0,0.0,1.0,27.0,1.0,1.0,0.0,0.0,4.0,17.0,0,0,0.0,0.0,0.0,1.0,0.0,0.0,0.0,0.0,0.0,9.0,0.0,0.0,0.0,0.0,10.0,0.0,0.0,0.0,0.0,0.0,0.0,0.0,0.0,9.0,0.0,0.0,0.0,0.0,0.0,9.0,0.0,0.0,0.0,0.0,0.0,0.0,0.0,0.0,0.0,0.0,0.0,0.0,0.0,0.0,0.0,0.0,0.0,0.0,0.0,0,20.0,0,0.158118,0,79.0,0,0,0,6.0,0.0,0,0,0.0,0.0,0.0,True
3.0,1.0,0.0,6.0,0.0,0.0,0.0,0.0,0.0,0.0,9.0,0.0,0.0,0.0,0.0,0.0,1.0,81.0,2.0,0.0,0.0,0.0,7.0,22.0,0,0,1.0,1.0,0.0,6.0,0.0,0.0,0.0,0.0,0.0,9.0,0.0,0.0,0.0,0.0,59.0,1.0,0.0,0.0,0.0,0.0,0.0,0.0,0.0,9.0,0.0,0.0,0.0,0.0,0.0,22.0,0.0,0.0,0.0,0.0,0.0,0.0,0.0,0.0,0.0,0.0,0.0,0.0,0.0,0.0,0.0,0.0,0.0,0.0,0.0,0,12.0,1,4.170225,0,74.0,0,0,1.0,2.0,1.0,14386.0,1,0,0.0,0.0,True
2.0,2.0,0.0,7.0,0.0,0.0,0.0,0.0,0.0,0.0,9.0,0.0,0.0,0.0,0.0,0.0,1.0,136.0,1.0,0.0,0.0,0.0,5.0,14.0,0,0,1.0,2.0,0.0,7.0,0.0,0.0,0.0,0.0,0.0,9.0,0.0,0.0,0.0,0.0,122.0,1.0,0.0,0.0,0.0,0.0,0.0,0.0,0.0,9.0,0.0,0.0,0.0,0.0,0.0,20.0,0.0,0.0,0.0,0.0,0.0,0.0,0.0,0.0,0.0,0.0,0.0,0.0,0.0,0.0,0.0,0.0,0.0,0.0,0.0,0,12.0,1,1.344432,0,74.0,0,0,1.0,2.0,5.0,3410.0,1,1.0,0.0,0.0,True
2.0,0.0,0.0,1.0,0.0,0.0,0.0,0.0,0.0,0.0,9.0,0.0,0.0,0.0,0.0,0.0,1.0,27.0,2.0,0.0,0.0,0.0,6.0,17.0,0,0,0.0,0.0,0.0,1.0,0.0,0.0,0.0,0.0,0.0,9.0,0.0,0.0,0.0,0.0,10.0,0.0,0.0,0.0,0.0,0.0,0.0,0.0,0.0,9.0,0.0,0.0,0.0,0.0,0.0,9.0,0.0,0.0,0.0,0.0,0.0,0.0,0.0,0.0,0.0,0.0,0.0,0.0,0.0,0.0,0.0,0.0,0.0,0.0,0.0,0,20.0,1,0.444175,1,66.0,0,0,1.0,2.0,1.0,10790.0,0,0.0,0.0,0.0,True
2.0,8.0,0.0,3.0,0.0,0.0,0.0,0.0,0.0,0.0,9.0,0.0,0.0,0.0,0.0,0.0,1.0,107.0,2.0,0.0,0.0,0.0,9.0,26.0,0,0,0.0,8.0,0.0,3.0,0.0,0.0,0.0,0.0,0.0,9.0,0.0,0.0,0.0,0.0,81.0,0.0,0.0,0.0,0.0,0.0,0.0,0.0,0.0,9.0,0.0,0.0,0.0,0.0,0.0,9.0,0.0,0.0,0.0,0.0,0.0,0.0,0.0,0.0,0.0,0.0,0.0,0.0,0.0,0.0,0.0,0.0,0.0,0.0,0.0,0,20.0,1,9.709026,0,3.0,0,0,1.0,3.0,1.0,3570.0,1,0.0,0.0,0.0,True
3.0,1.0,1.0,6.0,0.0,3.0,0.0,2.0,0.0,0.0,9.0,0.0,0.0,0.0,0.0,0.0,1.0,229.0,2.0,1.0,0.0,0.0,2.0,14.0,0,0,1.0,0.0,0.0,6.0,0.0,0.0,0.0,0.0,0.0,0.0,0.0,0.0,0.0,0.0,41.0,1.0,0.0,0.0,0.0,0.0,0.0,0.0,0.0,0.0,0.0,0.0,0.0,0.0,0.0,9.0,0.0,0.0,1.0,0.0,0.0,3.0,0.0,2.0,0.0,0.0,9.0,0.0,0.0,0.0,0.0,0.0,174.0,0,3.0,0,12.0,1,5.194208,0,79.0,0,0,1.0,2.0,1.0,14384.0,0,0.0,0.0,0.0,True
3.0,0.0,0.0,5.0,0.0,0.0,0.0,0.0,0.0,0.0,9.0,0.0,0.0,0.0,0.0,0.0,1.0,61.0,2.0,0.0,0.0,0.0,6.0,24.0,0,0,1.0,0.0,0.0,5.0,0.0,0.0,0.0,0.0,0.0,9.0,0.0,0.0,0.0,0.0,37.0,1.0,0.0,0.0,0.0,0.0,0.0,0.0,0.0,9.0,0.0,0.0,0.0,0.0,0.0,16.0,0.0,0.0,0.0,0.0,0.0,0.0,0.0,0.0,0.0,0.0,0.0,0.0,0.0,0.0,0.0,0.0,0.0,0.0,0.0,0,12.0,1,3.748484,0,74.0,0,0,1.0,2.0,1.0,45.0,1,0.0,0.0,0.0,True
3.0,0.0,0.0,1.0,0.0,0.0,0.0,0.0,0.0,0.0,9.0,0.0,0.0,0.0,0.0,0.0,1.0,50.0,2.0,0.0,0.0,0.0,9.0,28.0,0,0,1.0,0.0,0.0,1.0,0.0,0.0,0.0,0.0,0.0,9.0,0.0,0.0,0.0,0.0,22.0,1.0,0.0,0.0,0.0,0.0,0.0,0.0,0.0,9.0,0.0,0.0,0.0,0.0,0.0,21.0,0.0,0.0,0.0,0.0,0.0,0.0,0.0,0.0,0.0,0.0,0.0,0.0,0.0,0.0,0.0,0.0,0.0,0.0,0.0,0,9.0,1,0.941635,0,32.0,0,0,1.0,2.0,1.0,14391.0,0,0.0,0.0,0.0,True
14.0,0.0,0.0,3.0,1.0,6.0,0.0,10.0,0.0,0.0,9.0,0.0,0.0,0.0,0.0,0.0,1.0,266.0,1.0,0.0,0.0,0.0,6.0,17.0,0,0,1.0,0.0,0.0,3.0,0.0,0.0,0.0,0.0,0.0,0.0,0.0,0.0,0.0,0.0,26.0,1.0,0.0,0.0,0.0,0.0,0.0,0.0,0.0,0.0,0.0,0.0,0.0,0.0,0.0,13.0,12.0,0.0,0.0,0.0,1.0,6.0,0.0,10.0,0.0,0.0,9.0,0.0,0.0,0.0,0.0,0.0,223.0,0,3.0,0,12.0,1,740.596257,0,74.0,0,0,1.0,3.0,0.0,2845.0,1,1.0,0.0,0.0,True
2.0,1.0,0.0,1.0,0.0,0.0,0.0,0.0,0.0,0.0,9.0,0.0,0.0,0.0,0.0,0.0,1.0,34.0,2.0,1.0,0.0,0.0,8.0,24.0,0,0,0.0,0.0,0.0,1.0,0.0,0.0,0.0,0.0,0.0,9.0,0.0,0.0,0.0,0.0,10.0,0.0,0.0,0.0,0.0,0.0,0.0,0.0,0.0,9.0,0.0,0.0,0.0,0.0,0.0,9.0,0.0,0.0,0.0,0.0,0.0,0.0,0.0,0.0,0.0,0.0,0.0,0.0,0.0,0.0,0.0,0.0,0.0,0.0,0.0,0,20.0,0,0.682253,0,79.0,0,0,0,6.0,0.0,0,0,0.0,0.0,0.0,True
2.0,1.0,0.0,5.0,0.0,0.0,0.0,0.0,0.0,0.0,9.0,0.0,0.0,0.0,0.0,0.0,1.0,106.0,1.0,0.0,0.0,0.0,11.0,28.0,0,0,1.0,1.0,0.0,5.0,0.0,0.0,0.0,0.0,0.0,9.0,0.0,0.0,0.0,0.0,78.0,1.0,0.0,0.0,0.0,0.0,0.0,0.0,0.0,9.0,0.0,0.0,0.0,0.0,0.0,18.0,0.0,0.0,0.0,0.0,0.0,0.0,0.0,0.0,0.0,0.0,0.0,0.0,0.0,0.0,0.0,0.0,0.0,0.0,0.0,0,12.0,0,0.272167,0,79.0,0,0,0,6.0,0.0,0,0,0.0,0.0,0.0,True
2.0,1.0,0.0,1.0,0.0,0.0,0.0,0.0,0.0,0.0,9.0,0.0,0.0,0.0,0.0,0.0,1.0,34.0,2.0,1.0,0.0,0.0,8.0,24.0,0,0,0.0,0.0,0.0,1.0,0.0,0.0,0.0,0.0,0.0,9.0,0.0,0.0,0.0,0.0,10.0,0.0,0.0,0.0,0.0,0.0,0.0,0.0,0.0,9.0,0.0,0.0,0.0,0.0,0.0,9.0,0.0,0.0,0.0,0.0,0.0,0.0,0.0,0.0,0.0,0.0,0.0,0.0,0.0,0.0,0.0,0.0,0.0,0.0,0.0,0,20.0,1,0.877345,0,21.0,0,0,1.0,4.0,0.0,68377.0,1,0.0,0.0,0.0,True
2.0,0.0,0.0,3.0,0.0,0.0,0.0,0.0,0.0,0.0,9.0,0.0,0.0,0.0,0.0,0.0,1.0,49.0,2.0,0.0,0.0,0.0,6.0,16.0,0,0,0.0,0.0,0.0,3.0,0.0,0.0,0.0,0.0,0.0,9.0,0.0,0.0,0.0,0.0,33.0,0.0,0.0,0.0,0.0,0.0,0.0,0.0,0.0,9.0,0.0,0.0,0.0,0.0,0.0,9.0,0.0,0.0,0.0,0.0,0.0,0.0,0.0,0.0,0.0,0.0,0.0,0.0,0.0,0.0,0.0,0.0,0.0,0.0,0.0,0,20.0,1,0.568397,0,74.0,0,0,1.0,4.0,5.0,290.0,0,2.0,0.0,0.0,True
2.0,0.0,0.0,1.0,0.0,0.0,0.0,0.0,0.0,0.0,9.0,0.0,0.0,0.0,0.0,0.0,1.0,33.0,2.0,0.0,0.0,0.0,4.0,23.0,0,0,0.0,0.0,0.0,1.0,0.0,0.0,0.0,0.0,0.0,9.0,0.0,0.0,0.0,0.0,10.0,0.0,0.0,0.0,0.0,0.0,0.0,0.0,0.0,9.0,0.0,0.0,0.0,0.0,0.0,9.0,0.0,0.0,0.0,0.0,0.0,0.0,0.0,0.0,0.0,0.0,0.0,0.0,0.0,0.0,0.0,0.0,0.0,0.0,0.0,0,20.0,0,3.575205,0,79.0,0,0,0,0.0,0.0,0,0,0.0,0.0,0.0,True
